<?xml version="1.0" encoding="UTF-8"?>
<Start>
<Xpath>
<Round_XPath>//*[@id="gi_roundtrip_label"]</Round_XPath>
 <One_Xpath>//*[@id="gi_oneway_label"]</One_Xpath>
 <F_Xpath>//*[@id="gosuggest_inputSrc"]</F_Xpath>
 <T_Xpath>//*[@id="gosuggest_inputDest"]</T_Xpath>
 <D_Xpath>//*[@id="searchWidgetCommon"]/div/div[3]/div[1]/div[1]/div/input</D_Xpath>
 <R_Date>//*[@class="form-control inputTxtLarge widgetCalenderTxt"[1]</R_Date>
 <Travel_XPath>//*[@id="pax_label"]</Travel_XPath>
 <Adult_plus_XPath>//*[@id="adultPaxPlus"]</Adult_plus_XPath>
 <Child_plus_Xpath>//*[@id="childPaxPlus"]</Child_plus_Xpath>
<Class_Xpath>//*[@id="gi_class"]</Class_Xpath>
 <Get_Set_Xpath>//*[@id="gi_search_btn"]</Get_Set_Xpath>
</Xpath>

<value>
<F_value>Pune</F_value>
<T_value>Delhi</T_value>
    <D_value>Thu, 13 Dec</D_value>
    <R_value>Sat, 15 Dec</R_value>
</value>
</Start>